﻿Code Domaine,Domaine,Code zone,Zone,Code Élément,Élément,Code Produit,Produit,Code année,Année,Unité,Valeur,Symbole,Description du Symbole,Note
"OA","Séries temporelles annuelles","2","Afghanistan","511","Population totale","3010","Population-Estimations","2017","2017","1000 personnes","36296.113","X","Sources internationales sûres",""
"OA","Séries temporelles annuelles","2","Afghanistan","511","Population totale","3010","Population-Estimations","2018","2018","1000 personnes","37171.921","X","Sources internationales sûres",""
"OA","Séries temporelles annuelles","202","Afrique du Sud","511","Population totale","3010","Population-Estimations","2017","2017","1000 personnes","57009.756","X","Sources internationales sûres",""
"OA","Séries temporelles annuelles","202","Afrique du Sud","511","Population totale","3010","Population-Estimations","2018","2018","1000 personnes","57792.518","X","Sources internationales sûres",""
"OA","Séries temporelles annuelles","3","Albanie","511","Population totale","3010","Population-Estimations","2017","2017","1000 personnes","2884.169","X","Sources internationales sûres",""
"OA","Séries temporelles annuelles","3","Albanie","511","Population totale","3010","Population-Estimations","2018","2018","1000 personnes","2882.74","X","Sources internationales sûres",""
"OA","Séries temporelles annuelles","4","Algérie","511","Population totale","3010","Population-Estimations","2017","2017","1000 personnes","41389.189","X","Sources internationales sûres",""
"OA","Séries temporelles annuelles","4","Algérie","511","Population totale","3010","Population-Estimations","2018","2018","1000 personnes","42228.408","X","Sources internationales sûres",""
"OA","Séries temporelles annuelles","79","Allemagne","511","Population totale","3010","Population-Estimations","2017","2017","1000 personnes","82658.409","X","Sources internationales sûres",""
"OA","Séries temporelles annuelles","79","Allemagne","511","Population totale","3010","Population-Estimations","2018","2018","1000 personnes","83124.418","X","Sources internationales sûres",""
"OA","Séries temporelles annuelles","6","Andorre","511","Population totale","3010","Population-Estimations","2017","2017","1000 personnes","77.001","X","Sources internationales sûres",""
"OA","Séries temporelles annuelles","6","Andorre","511","Population totale","3010","Population-Estimations","2018","2018","1000 personnes","77.006","X","Sources internationales sûres",""
"OA","Séries temporelles annuelles","7","Angola","511","Population totale","3010","Population-Estimations","2017","2017","1000 personnes","29816.766","X","Sources internationales sûres",""
"OA","Séries temporelles annuelles","7","Angola","511","Population totale","3010","Population-Estimations","2018","2018","1000 personnes","30809.787","X","Sources internationales sûres",""
"OA","Séries temporelles annuelles","258","Anguilla","511","Population totale","3010","Population-Estimations","2017","2017","1000 personnes","14.584","X","Sources internationales sûres",""
"OA","Séries temporelles annuelles","258","Anguilla","511","Population totale","3010","Population-Estimations","2018","2018","1000 personnes","14.731","X","Sources internationales sûres",""
"OA","Séries temporelles annuelles","8","Antigua-et-Barbuda","511","Population totale","3010","Population-Estimations","2017","2017","1000 personnes","95.426","X","Sources internationales sûres",""
"OA","Séries temporelles annuelles","8","Antigua-et-Barbuda","511","Population totale","3010","Population-Estimations","2018","2018","1000 personnes","96.286","X","Sources internationales sûres",""
"OA","Séries temporelles annuelles","151","Antilles néerlandaises (ex)","511","Population totale","3010","Population-Estimations","2017","2017","1000 personnes","275.186","A","Agrégat, peut inclure des données officielles, semi-officielles, estimées ou calculées",""
"OA","Séries temporelles annuelles","151","Antilles néerlandaises (ex)","511","Population totale","3010","Population-Estimations","2018","2018","1000 personnes","277.483","A","Agrégat, peut inclure des données officielles, semi-officielles, estimées ou calculées",""
"OA","Séries temporelles annuelles","194","Arabie saoudite","511","Population totale","3010","Population-Estimations","2017","2017","1000 personnes","33101.179","X","Sources internationales sûres",""
"OA","Séries temporelles annuelles","194","Arabie saoudite","511","Population totale","3010","Population-Estimations","2018","2018","1000 personnes","33702.756","X","Sources internationales sûres",""
"OA","Séries temporelles annuelles","9","Argentine","511","Population totale","3010","Population-Estimations","2017","2017","1000 personnes","43937.14","X","Sources internationales sûres",""
"OA","Séries temporelles annuelles","9","Argentine","511","Population totale","3010","Population-Estimations","2018","2018","1000 personnes","44361.15","X","Sources internationales sûres",""
"OA","Séries temporelles annuelles","1","Arménie","511","Population totale","3010","Population-Estimations","2017","2017","1000 personnes","2944.791","X","Sources internationales sûres",""
"OA","Séries temporelles annuelles","1","Arménie","511","Population totale","3010","Population-Estimations","2018","2018","1000 personnes","2951.745","X","Sources internationales sûres",""
"OA","Séries temporelles annuelles","22","Aruba","511","Population totale","3010","Population-Estimations","2017","2017","1000 personnes","105.366","X","Sources internationales sûres",""
"OA","Séries temporelles annuelles","22","Aruba","511","Population totale","3010","Population-Estimations","2018","2018","1000 personnes","105.845","X","Sources internationales sûres",""
"OA","Séries temporelles annuelles","10","Australie","511","Population totale","3010","Population-Estimations","2017","2017","1000 personnes","24584.62","X","Sources internationales sûres",""
"OA","Séries temporelles annuelles","10","Australie","511","Population totale","3010","Population-Estimations","2018","2018","1000 personnes","24898.152","X","Sources internationales sûres",""
"OA","Séries temporelles annuelles","11","Autriche","511","Population totale","3010","Population-Estimations","2017","2017","1000 personnes","8819.901","X","Sources internationales sûres",""
"OA","Séries temporelles annuelles","11","Autriche","511","Population totale","3010","Population-Estimations","2018","2018","1000 personnes","8891.388","X","Sources internationales sûres",""
"OA","Séries temporelles annuelles","52","Azerbaïdjan","511","Population totale","3010","Population-Estimations","2017","2017","1000 personnes","9845.32","X","Sources internationales sûres",""
"OA","Séries temporelles annuelles","52","Azerbaïdjan","511","Population totale","3010","Population-Estimations","2018","2018","1000 personnes","9949.537","X","Sources internationales sûres",""
"OA","Séries temporelles annuelles","12","Bahamas","511","Population totale","3010","Population-Estimations","2017","2017","1000 personnes","381.755","X","Sources internationales sûres",""
"OA","Séries temporelles annuelles","12","Bahamas","511","Population totale","3010","Population-Estimations","2018","2018","1000 personnes","385.637","X","Sources internationales sûres",""
"OA","Séries temporelles annuelles","13","Bahreïn","511","Population totale","3010","Population-Estimations","2017","2017","1000 personnes","1494.076","X","Sources internationales sûres",""
"OA","Séries temporelles annuelles","13","Bahreïn","511","Population totale","3010","Population-Estimations","2018","2018","1000 personnes","1569.446","X","Sources internationales sûres",""
"OA","Séries temporelles annuelles","16","Bangladesh","511","Population totale","3010","Population-Estimations","2017","2017","1000 personnes","159685.424","X","Sources internationales sûres",""
"OA","Séries temporelles annuelles","16","Bangladesh","511","Population totale","3010","Population-Estimations","2018","2018","1000 personnes","161376.708","X","Sources internationales sûres",""
"OA","Séries temporelles annuelles","14","Barbade","511","Population totale","3010","Population-Estimations","2017","2017","1000 personnes","286.232","X","Sources internationales sûres",""
"OA","Séries temporelles annuelles","14","Barbade","511","Population totale","3010","Population-Estimations","2018","2018","1000 personnes","286.641","X","Sources internationales sûres",""
"OA","Séries temporelles annuelles","57","Bélarus","511","Population totale","3010","Population-Estimations","2017","2017","1000 personnes","9450.231","X","Sources internationales sûres",""
"OA","Séries temporelles annuelles","57","Bélarus","511","Population totale","3010","Population-Estimations","2018","2018","1000 personnes","9452.617","X","Sources internationales sûres",""
"OA","Séries temporelles annuelles","255","Belgique","511","Population totale","3010","Population-Estimations","2017","2017","1000 personnes","11419.748","X","Sources internationales sûres",""
"OA","Séries temporelles annuelles","255","Belgique","511","Population totale","3010","Population-Estimations","2018","2018","1000 personnes","11482.178","X","Sources internationales sûres",""
"OA","Séries temporelles annuelles","23","Belize","511","Population totale","3010","Population-Estimations","2017","2017","1000 personnes","375.769","X","Sources internationales sûres",""
"OA","Séries temporelles annuelles","23","Belize","511","Population totale","3010","Population-Estimations","2018","2018","1000 personnes","383.071","X","Sources internationales sûres",""
"OA","Séries temporelles annuelles","53","Bénin","511","Population totale","3010","Population-Estimations","2017","2017","1000 personnes","11175.198","X","Sources internationales sûres",""
"OA","Séries temporelles annuelles","53","Bénin","511","Population totale","3010","Population-Estimations","2018","2018","1000 personnes","11485.044","X","Sources internationales sûres",""
"OA","Séries temporelles annuelles","17","Bermudes","511","Population totale","3010","Population-Estimations","2017","2017","1000 personnes","63.049","X","Sources internationales sûres",""
"OA","Séries temporelles annuelles","17","Bermudes","511","Population totale","3010","Population-Estimations","2018","2018","1000 personnes","62.756","X","Sources internationales sûres",""
"OA","Séries temporelles annuelles","18","Bhoutan","511","Population totale","3010","Population-Estimations","2017","2017","1000 personnes","745.563","X","Sources internationales sûres",""
"OA","Séries temporelles annuelles","18","Bhoutan","511","Population totale","3010","Population-Estimations","2018","2018","1000 personnes","754.388","X","Sources internationales sûres",""
"OA","Séries temporelles annuelles","19","Bolivie (État plurinational de)","511","Population totale","3010","Population-Estimations","2017","2017","1000 personnes","11192.855","X","Sources internationales sûres",""
"OA","Séries temporelles annuelles","19","Bolivie (État plurinational de)","511","Population totale","3010","Population-Estimations","2018","2018","1000 personnes","11353.142","X","Sources internationales sûres",""
"OA","Séries temporelles annuelles","278","Bonaire, Saint-Eustache et Saba","511","Population totale","3010","Population-Estimations","2017","2017","1000 personnes","25.401","X","Sources internationales sûres",""
"OA","Séries temporelles annuelles","278","Bonaire, Saint-Eustache et Saba","511","Population totale","3010","Population-Estimations","2018","2018","1000 personnes","25.711","X","Sources internationales sûres",""
"OA","Séries temporelles annuelles","80","Bosnie-Herzégovine","511","Population totale","3010","Population-Estimations","2017","2017","1000 personnes","3351.525","X","Sources internationales sûres",""
"OA","Séries temporelles annuelles","80","Bosnie-Herzégovine","511","Population totale","3010","Population-Estimations","2018","2018","1000 personnes","3323.925","X","Sources internationales sûres",""
"OA","Séries temporelles annuelles","20","Botswana","511","Population totale","3010","Population-Estimations","2017","2017","1000 personnes","2205.08","X","Sources internationales sûres",""
"OA","Séries temporelles annuelles","20","Botswana","511","Population totale","3010","Population-Estimations","2018","2018","1000 personnes","2254.068","X","Sources internationales sûres",""
"OA","Séries temporelles annuelles","21","Brésil","511","Population totale","3010","Population-Estimations","2017","2017","1000 personnes","207833.823","X","Sources internationales sûres",""
"OA","Séries temporelles annuelles","21","Brésil","511","Population totale","3010","Population-Estimations","2018","2018","1000 personnes","209469.323","X","Sources internationales sûres",""
"OA","Séries temporelles annuelles","26","Brunéi Darussalam","511","Population totale","3010","Population-Estimations","2017","2017","1000 personnes","424.473","X","Sources internationales sûres",""
"OA","Séries temporelles annuelles","26","Brunéi Darussalam","511","Population totale","3010","Population-Estimations","2018","2018","1000 personnes","428.963","X","Sources internationales sûres",""
"OA","Séries temporelles annuelles","27","Bulgarie","511","Population totale","3010","Population-Estimations","2017","2017","1000 personnes","7102.444","X","Sources internationales sûres",""
"OA","Séries temporelles annuelles","27","Bulgarie","511","Population totale","3010","Population-Estimations","2018","2018","1000 personnes","7051.608","X","Sources internationales sûres",""
"OA","Séries temporelles annuelles","233","Burkina Faso","511","Population totale","3010","Population-Estimations","2017","2017","1000 personnes","19193.234","X","Sources internationales sûres",""
"OA","Séries temporelles annuelles","233","Burkina Faso","511","Population totale","3010","Population-Estimations","2018","2018","1000 personnes","19751.466","X","Sources internationales sûres",""
"OA","Séries temporelles annuelles","29","Burundi","511","Population totale","3010","Population-Estimations","2017","2017","1000 personnes","10827.019","X","Sources internationales sûres",""
"OA","Séries temporelles annuelles","29","Burundi","511","Population totale","3010","Population-Estimations","2018","2018","1000 personnes","11175.374","X","Sources internationales sûres",""
"OA","Séries temporelles annuelles","35","Cabo Verde","511","Population totale","3010","Population-Estimations","2017","2017","1000 personnes","537.498","X","Sources internationales sûres",""
"OA","Séries temporelles annuelles","35","Cabo Verde","511","Population totale","3010","Population-Estimations","2018","2018","1000 personnes","543.767","X","Sources internationales sûres",""
"OA","Séries temporelles annuelles","115","Cambodge","511","Population totale","3010","Population-Estimations","2017","2017","1000 personnes","16009.409","X","Sources internationales sûres",""
"OA","Séries temporelles annuelles","115","Cambodge","511","Population totale","3010","Population-Estimations","2018","2018","1000 personnes","16249.792","X","Sources internationales sûres",""
"OA","Séries temporelles annuelles","32","Cameroun","511","Population totale","3010","Population-Estimations","2017","2017","1000 personnes","24566.073","X","Sources internationales sûres",""
"OA","Séries temporelles annuelles","32","Cameroun","511","Population totale","3010","Population-Estimations","2018","2018","1000 personnes","25216.267","X","Sources internationales sûres",""
"OA","Séries temporelles annuelles","33","Canada","511","Population totale","3010","Population-Estimations","2017","2017","1000 personnes","36732.095","X","Sources internationales sûres",""
"OA","Séries temporelles annuelles","33","Canada","511","Population totale","3010","Population-Estimations","2018","2018","1000 personnes","37074.562","X","Sources internationales sûres",""
"OA","Séries temporelles annuelles","40","Chili","511","Population totale","3010","Population-Estimations","2017","2017","1000 personnes","18470.439","X","Sources internationales sûres",""
"OA","Séries temporelles annuelles","40","Chili","511","Population totale","3010","Population-Estimations","2018","2018","1000 personnes","18729.16","X","Sources internationales sûres",""
"OA","Séries temporelles annuelles","351","Chine","511","Population totale","3010","Population-Estimations","2017","2017","1000 personnes","1452625.244","A","Agrégat, peut inclure des données officielles, semi-officielles, estimées ou calculées",""
"OA","Séries temporelles annuelles","351","Chine","511","Population totale","3010","Population-Estimations","2018","2018","1000 personnes","1459377.612","A","Agrégat, peut inclure des données officielles, semi-officielles, estimées ou calculées",""
"OA","Séries temporelles annuelles","96","Chine - RAS de Hong-Kong","511","Population totale","3010","Population-Estimations","2017","2017","1000 personnes","7306.322","X","Sources internationales sûres",""
"OA","Séries temporelles annuelles","96","Chine - RAS de Hong-Kong","511","Population totale","3010","Population-Estimations","2018","2018","1000 personnes","7371.73","X","Sources internationales sûres",""
"OA","Séries temporelles annuelles","128","Chine - RAS de Macao","511","Population totale","3010","Population-Estimations","2017","2017","1000 personnes","622.585","X","Sources internationales sûres",""
"OA","Séries temporelles annuelles","128","Chine - RAS de Macao","511","Population totale","3010","Population-Estimations","2018","2018","1000 personnes","631.636","X","Sources internationales sûres",""
"OA","Séries temporelles annuelles","41","Chine, continentale","511","Population totale","3010","Population-Estimations","2017","2017","1000 personnes","1421021.791","X","Sources internationales sûres",""
"OA","Séries temporelles annuelles","41","Chine, continentale","511","Population totale","3010","Population-Estimations","2018","2018","1000 personnes","1427647.786","X","Sources internationales sûres",""
"OA","Séries temporelles annuelles","214","Chine, Taiwan Province de","511","Population totale","3010","Population-Estimations","2017","2017","1000 personnes","23674.546","X","Sources internationales sûres",""
"OA","Séries temporelles annuelles","214","Chine, Taiwan Province de","511","Population totale","3010","Population-Estimations","2018","2018","1000 personnes","23726.46","X","Sources internationales sûres",""
"OA","Séries temporelles annuelles","50","Chypre","511","Population totale","3010","Population-Estimations","2017","2017","1000 personnes","1179.678","X","Sources internationales sûres",""
"OA","Séries temporelles annuelles","50","Chypre","511","Population totale","3010","Population-Estimations","2018","2018","1000 personnes","1189.265","X","Sources internationales sûres",""
"OA","Séries temporelles annuelles","44","Colombie","511","Population totale","3010","Population-Estimations","2017","2017","1000 personnes","48909.839","X","Sources internationales sûres",""
"OA","Séries temporelles annuelles","44","Colombie","511","Population totale","3010","Population-Estimations","2018","2018","1000 personnes","49661.048","X","Sources internationales sûres",""
"OA","Séries temporelles annuelles","45","Comores","511","Population totale","3010","Population-Estimations","2017","2017","1000 personnes","813.892","X","Sources internationales sûres",""
"OA","Séries temporelles annuelles","45","Comores","511","Population totale","3010","Population-Estimations","2018","2018","1000 personnes","832.322","X","Sources internationales sûres",""
"OA","Séries temporelles annuelles","46","Congo","511","Population totale","3010","Population-Estimations","2017","2017","1000 personnes","5110.695","X","Sources internationales sûres",""
"OA","Séries temporelles annuelles","46","Congo","511","Population totale","3010","Population-Estimations","2018","2018","1000 personnes","5244.359","X","Sources internationales sûres",""
"OA","Séries temporelles annuelles","48","Costa Rica","511","Population totale","3010","Population-Estimations","2017","2017","1000 personnes","4949.954","X","Sources internationales sûres",""
"OA","Séries temporelles annuelles","48","Costa Rica","511","Population totale","3010","Population-Estimations","2018","2018","1000 personnes","4999.441","X","Sources internationales sûres",""
"OA","Séries temporelles annuelles","107","Côte d'Ivoire","511","Population totale","3010","Population-Estimations","2017","2017","1000 personnes","24437.47","X","Sources internationales sûres",""
"OA","Séries temporelles annuelles","107","Côte d'Ivoire","511","Population totale","3010","Population-Estimations","2018","2018","1000 personnes","25069.23","X","Sources internationales sûres",""
"OA","Séries temporelles annuelles","98","Croatie","511","Population totale","3010","Population-Estimations","2017","2017","1000 personnes","4182.857","X","Sources internationales sûres",""
"OA","Séries temporelles annuelles","98","Croatie","511","Population totale","3010","Population-Estimations","2018","2018","1000 personnes","4156.405","X","Sources internationales sûres",""
"OA","Séries temporelles annuelles","49","Cuba","511","Population totale","3010","Population-Estimations","2017","2017","1000 personnes","11339.254","X","Sources internationales sûres",""
"OA","Séries temporelles annuelles","49","Cuba","511","Population totale","3010","Population-Estimations","2018","2018","1000 personnes","11338.134","X","Sources internationales sûres",""
"OA","Séries temporelles annuelles","279","Curaçao","511","Population totale","3010","Population-Estimations","2017","2017","1000 personnes","161.997","X","Sources internationales sûres",""
"OA","Séries temporelles annuelles","279","Curaçao","511","Population totale","3010","Population-Estimations","2018","2018","1000 personnes","162.752","X","Sources internationales sûres",""
"OA","Séries temporelles annuelles","54","Danemark","511","Population totale","3010","Population-Estimations","2017","2017","1000 personnes","5732.274","X","Sources internationales sûres",""
"OA","Séries temporelles annuelles","54","Danemark","511","Population totale","3010","Population-Estimations","2018","2018","1000 personnes","5752.126","X","Sources internationales sûres",""
"OA","Séries temporelles annuelles","72","Djibouti","511","Population totale","3010","Population-Estimations","2017","2017","1000 personnes","944.099","X","Sources internationales sûres",""
"OA","Séries temporelles annuelles","72","Djibouti","511","Population totale","3010","Population-Estimations","2018","2018","1000 personnes","958.923","X","Sources internationales sûres",""
"OA","Séries temporelles annuelles","55","Dominique","511","Population totale","3010","Population-Estimations","2017","2017","1000 personnes","71.458","X","Sources internationales sûres",""
"OA","Séries temporelles annuelles","55","Dominique","511","Population totale","3010","Population-Estimations","2018","2018","1000 personnes","71.625","X","Sources internationales sûres",""
"OA","Séries temporelles annuelles","59","Égypte","511","Population totale","3010","Population-Estimations","2017","2017","1000 personnes","96442.591","X","Sources internationales sûres",""
"OA","Séries temporelles annuelles","59","Égypte","511","Population totale","3010","Population-Estimations","2018","2018","1000 personnes","98423.598","X","Sources internationales sûres",""
"OA","Séries temporelles annuelles","60","El Salvador","511","Population totale","3010","Population-Estimations","2017","2017","1000 personnes","6388.126","X","Sources internationales sûres",""
"OA","Séries temporelles annuelles","60","El Salvador","511","Population totale","3010","Population-Estimations","2018","2018","1000 personnes","6420.746","X","Sources internationales sûres",""
"OA","Séries temporelles annuelles","225","Émirats arabes unis","511","Population totale","3010","Population-Estimations","2017","2017","1000 personnes","9487.203","X","Sources internationales sûres",""
"OA","Séries temporelles annuelles","225","Émirats arabes unis","511","Population totale","3010","Population-Estimations","2018","2018","1000 personnes","9630.959","X","Sources internationales sûres",""
"OA","Séries temporelles annuelles","58","Équateur","511","Population totale","3010","Population-Estimations","2017","2017","1000 personnes","16785.361","X","Sources internationales sûres",""
"OA","Séries temporelles annuelles","58","Équateur","511","Population totale","3010","Population-Estimations","2018","2018","1000 personnes","17084.358","X","Sources internationales sûres",""
"OA","Séries temporelles annuelles","178","Érythrée","511","Population totale","3010","Population-Estimations","2017","2017","1000 personnes","3412.893","X","Sources internationales sûres",""
"OA","Séries temporelles annuelles","178","Érythrée","511","Population totale","3010","Population-Estimations","2018","2018","1000 personnes","3452.786","X","Sources internationales sûres",""
"OA","Séries temporelles annuelles","203","Espagne","511","Population totale","3010","Population-Estimations","2017","2017","1000 personnes","46647.428","X","Sources internationales sûres",""
"OA","Séries temporelles annuelles","203","Espagne","511","Population totale","3010","Population-Estimations","2018","2018","1000 personnes","46692.858","X","Sources internationales sûres",""
"OA","Séries temporelles annuelles","63","Estonie","511","Population totale","3010","Population-Estimations","2017","2017","1000 personnes","1319.39","X","Sources internationales sûres",""
"OA","Séries temporelles annuelles","63","Estonie","511","Population totale","3010","Population-Estimations","2018","2018","1000 personnes","1322.92","X","Sources internationales sûres",""
"OA","Séries temporelles annuelles","209","Eswatini","511","Population totale","3010","Population-Estimations","2017","2017","1000 personnes","1124.805","X","Sources internationales sûres",""
"OA","Séries temporelles annuelles","209","Eswatini","511","Population totale","3010","Population-Estimations","2018","2018","1000 personnes","1136.281","X","Sources internationales sûres",""
"OA","Séries temporelles annuelles","231","États-Unis d'Amérique","511","Population totale","3010","Population-Estimations","2017","2017","1000 personnes","325084.756","X","Sources internationales sûres",""
"OA","Séries temporelles annuelles","231","États-Unis d'Amérique","511","Population totale","3010","Population-Estimations","2018","2018","1000 personnes","327096.265","X","Sources internationales sûres",""
"OA","Séries temporelles annuelles","238","Éthiopie","511","Population totale","3010","Population-Estimations","2017","2017","1000 personnes","106399.924","X","Sources internationales sûres",""
"OA","Séries temporelles annuelles","238","Éthiopie","511","Population totale","3010","Population-Estimations","2018","2018","1000 personnes","109224.414","X","Sources internationales sûres",""
"OA","Séries temporelles annuelles","185","Fédération de Russie","511","Population totale","3010","Population-Estimations","2017","2017","1000 personnes","145530.082","X","Sources internationales sûres",""
"OA","Séries temporelles annuelles","185","Fédération de Russie","511","Population totale","3010","Population-Estimations","2018","2018","1000 personnes","145734.038","X","Sources internationales sûres",""
"OA","Séries temporelles annuelles","66","Fidji","511","Population totale","3010","Population-Estimations","2017","2017","1000 personnes","877.459","X","Sources internationales sûres",""
"OA","Séries temporelles annuelles","66","Fidji","511","Population totale","3010","Population-Estimations","2018","2018","1000 personnes","883.483","X","Sources internationales sûres",""
"OA","Séries temporelles annuelles","67","Finlande","511","Population totale","3010","Population-Estimations","2017","2017","1000 personnes","5511.371","X","Sources internationales sûres",""
"OA","Séries temporelles annuelles","67","Finlande","511","Population totale","3010","Population-Estimations","2018","2018","1000 personnes","5522.576","X","Sources internationales sûres",""
"OA","Séries temporelles annuelles","68","France","511","Population totale","3010","Population-Estimations","2017","2017","1000 personnes","64842.509","X","Sources internationales sûres",""
"OA","Séries temporelles annuelles","68","France","511","Population totale","3010","Population-Estimations","2018","2018","1000 personnes","64990.511","X","Sources internationales sûres",""
"OA","Séries temporelles annuelles","74","Gabon","511","Population totale","3010","Population-Estimations","2017","2017","1000 personnes","2064.823","X","Sources internationales sûres",""
"OA","Séries temporelles annuelles","74","Gabon","511","Population totale","3010","Population-Estimations","2018","2018","1000 personnes","2119.275","X","Sources internationales sûres",""
"OA","Séries temporelles annuelles","75","Gambie","511","Population totale","3010","Population-Estimations","2017","2017","1000 personnes","2213.889","X","Sources internationales sûres",""
"OA","Séries temporelles annuelles","75","Gambie","511","Population totale","3010","Population-Estimations","2018","2018","1000 personnes","2280.094","X","Sources internationales sûres",""
"OA","Séries temporelles annuelles","73","Géorgie","511","Population totale","3010","Population-Estimations","2017","2017","1000 personnes","4008.716","X","Sources internationales sûres",""
"OA","Séries temporelles annuelles","73","Géorgie","511","Population totale","3010","Population-Estimations","2018","2018","1000 personnes","4002.942","X","Sources internationales sûres",""
"OA","Séries temporelles annuelles","81","Ghana","511","Population totale","3010","Population-Estimations","2017","2017","1000 personnes","29121.465","X","Sources internationales sûres",""
"OA","Séries temporelles annuelles","81","Ghana","511","Population totale","3010","Population-Estimations","2018","2018","1000 personnes","29767.102","X","Sources internationales sûres",""
"OA","Séries temporelles annuelles","82","Gibraltar","511","Population totale","3010","Population-Estimations","2017","2017","1000 personnes","33.728","X","Sources internationales sûres",""
"OA","Séries temporelles annuelles","82","Gibraltar","511","Population totale","3010","Population-Estimations","2018","2018","1000 personnes","33.718","X","Sources internationales sûres",""
"OA","Séries temporelles annuelles","84","Grèce","511","Population totale","3010","Population-Estimations","2017","2017","1000 personnes","10569.45","X","Sources internationales sûres",""
"OA","Séries temporelles annuelles","84","Grèce","511","Population totale","3010","Population-Estimations","2018","2018","1000 personnes","10522.246","X","Sources internationales sûres",""
"OA","Séries temporelles annuelles","86","Grenade","511","Population totale","3010","Population-Estimations","2017","2017","1000 personnes","110.874","X","Sources internationales sûres",""
"OA","Séries temporelles annuelles","86","Grenade","511","Population totale","3010","Population-Estimations","2018","2018","1000 personnes","111.454","X","Sources internationales sûres",""
"OA","Séries temporelles annuelles","85","Groenland","511","Population totale","3010","Population-Estimations","2017","2017","1000 personnes","56.481","X","Sources internationales sûres",""
"OA","Séries temporelles annuelles","85","Groenland","511","Population totale","3010","Population-Estimations","2018","2018","1000 personnes","56.564","X","Sources internationales sûres",""
"OA","Séries temporelles annuelles","87","Guadeloupe","511","Population totale","3010","Population-Estimations","2017","2017","1000 personnes","399.672","X","Sources internationales sûres",""
"OA","Séries temporelles annuelles","87","Guadeloupe","511","Population totale","3010","Population-Estimations","2018","2018","1000 personnes","399.848","X","Sources internationales sûres",""
"OA","Séries temporelles annuelles","88","Guam","511","Population totale","3010","Population-Estimations","2017","2017","1000 personnes","164.281","X","Sources internationales sûres",""
"OA","Séries temporelles annuelles","88","Guam","511","Population totale","3010","Population-Estimations","2018","2018","1000 personnes","165.768","X","Sources internationales sûres",""
"OA","Séries temporelles annuelles","89","Guatemala","511","Population totale","3010","Population-Estimations","2017","2017","1000 personnes","16914.97","X","Sources internationales sûres",""
"OA","Séries temporelles annuelles","89","Guatemala","511","Population totale","3010","Population-Estimations","2018","2018","1000 personnes","17247.849","X","Sources internationales sûres",""
"OA","Séries temporelles annuelles","90","Guinée","511","Population totale","3010","Population-Estimations","2017","2017","1000 personnes","12067.519","X","Sources internationales sûres",""
"OA","Séries temporelles annuelles","90","Guinée","511","Population totale","3010","Population-Estimations","2018","2018","1000 personnes","12414.293","X","Sources internationales sûres",""
"OA","Séries temporelles annuelles","61","Guinée équatoriale","511","Population totale","3010","Population-Estimations","2017","2017","1000 personnes","1262.002","X","Sources internationales sûres",""
"OA","Séries temporelles annuelles","61","Guinée équatoriale","511","Population totale","3010","Population-Estimations","2018","2018","1000 personnes","1308.975","X","Sources internationales sûres",""
"OA","Séries temporelles annuelles","175","Guinée-Bissau","511","Population totale","3010","Population-Estimations","2017","2017","1000 personnes","1828.145","X","Sources internationales sûres",""
"OA","Séries temporelles annuelles","175","Guinée-Bissau","511","Population totale","3010","Population-Estimations","2018","2018","1000 personnes","1874.303","X","Sources internationales sûres",""
"OA","Séries temporelles annuelles","91","Guyana","511","Population totale","3010","Population-Estimations","2017","2017","1000 personnes","775.222","X","Sources internationales sûres",""
"OA","Séries temporelles annuelles","91","Guyana","511","Population totale","3010","Population-Estimations","2018","2018","1000 personnes","779.006","X","Sources internationales sûres",""
"OA","Séries temporelles annuelles","69","Guyane française","511","Population totale","3010","Population-Estimations","2017","2017","1000 personnes","275.191","X","Sources internationales sûres",""
"OA","Séries temporelles annuelles","69","Guyane française","511","Population totale","3010","Population-Estimations","2018","2018","1000 personnes","282.938","X","Sources internationales sûres",""
"OA","Séries temporelles annuelles","93","Haïti","511","Population totale","3010","Population-Estimations","2017","2017","1000 personnes","10982.366","X","Sources internationales sûres",""
"OA","Séries temporelles annuelles","93","Haïti","511","Population totale","3010","Population-Estimations","2018","2018","1000 personnes","11123.178","X","Sources internationales sûres",""
"OA","Séries temporelles annuelles","95","Honduras","511","Population totale","3010","Population-Estimations","2017","2017","1000 personnes","9429.013","X","Sources internationales sûres",""
"OA","Séries temporelles annuelles","95","Honduras","511","Population totale","3010","Population-Estimations","2018","2018","1000 personnes","9587.522","X","Sources internationales sûres",""
"OA","Séries temporelles annuelles","97","Hongrie","511","Population totale","3010","Population-Estimations","2017","2017","1000 personnes","9729.823","X","Sources internationales sûres",""
"OA","Séries temporelles annuelles","97","Hongrie","511","Population totale","3010","Population-Estimations","2018","2018","1000 personnes","9707.499","X","Sources internationales sûres",""
"OA","Séries temporelles annuelles","264","Île de Man","511","Population totale","3010","Population-Estimations","2017","2017","1000 personnes","83.598","X","Sources internationales sûres",""
"OA","Séries temporelles annuelles","264","Île de Man","511","Population totale","3010","Population-Estimations","2018","2018","1000 personnes","84.077","X","Sources internationales sûres",""
"OA","Séries temporelles annuelles","259","Îles Anglo-Normandes","511","Population totale","3010","Population-Estimations","2017","2017","1000 personnes","168.665","X","Sources internationales sûres",""
"OA","Séries temporelles annuelles","259","Îles Anglo-Normandes","511","Population totale","3010","Population-Estimations","2018","2018","1000 personnes","170.499","X","Sources internationales sûres",""
"OA","Séries temporelles annuelles","36","Îles Caïmanes","511","Population totale","3010","Population-Estimations","2017","2017","1000 personnes","63.382","X","Sources internationales sûres",""
"OA","Séries temporelles annuelles","36","Îles Caïmanes","511","Population totale","3010","Population-Estimations","2018","2018","1000 personnes","64.174","X","Sources internationales sûres",""
"OA","Séries temporelles annuelles","47","Îles Cook","511","Population totale","3010","Population-Estimations","2017","2017","1000 personnes","17.507","X","Sources internationales sûres",""
"OA","Séries temporelles annuelles","47","Îles Cook","511","Population totale","3010","Population-Estimations","2018","2018","1000 personnes","17.518","X","Sources internationales sûres",""
"OA","Séries temporelles annuelles","65","Îles Falkland (Malvinas)","511","Population totale","3010","Population-Estimations","2017","2017","1000 personnes","3.068","X","Sources internationales sûres",""
"OA","Séries temporelles annuelles","65","Îles Falkland (Malvinas)","511","Population totale","3010","Population-Estimations","2018","2018","1000 personnes","3.234","X","Sources internationales sûres",""
"OA","Séries temporelles annuelles","64","Îles Féroé","511","Population totale","3010","Population-Estimations","2017","2017","1000 personnes","48.331","X","Sources internationales sûres",""
"OA","Séries temporelles annuelles","64","Îles Féroé","511","Population totale","3010","Population-Estimations","2018","2018","1000 personnes","48.497","X","Sources internationales sûres",""
"OA","Séries temporelles annuelles","163","Îles Mariannes du Nord","511","Population totale","3010","Population-Estimations","2017","2017","1000 personnes","56.562","X","Sources internationales sûres",""
"OA","Séries temporelles annuelles","163","Îles Mariannes du Nord","511","Population totale","3010","Population-Estimations","2018","2018","1000 personnes","56.882","X","Sources internationales sûres",""
"OA","Séries temporelles annuelles","127","Îles Marshall","511","Population totale","3010","Population-Estimations","2017","2017","1000 personnes","58.058","X","Sources internationales sûres",""
"OA","Séries temporelles annuelles","127","Îles Marshall","511","Population totale","3010","Population-Estimations","2018","2018","1000 personnes","58.413","X","Sources internationales sûres",""
"OA","Séries temporelles annuelles","25","Îles Salomon","511","Population totale","3010","Population-Estimations","2017","2017","1000 personnes","636.039","X","Sources internationales sûres",""
"OA","Séries temporelles annuelles","25","Îles Salomon","511","Population totale","3010","Population-Estimations","2018","2018","1000 personnes","652.857","X","Sources internationales sûres",""
"OA","Séries temporelles annuelles","224","Îles Turques-et-Caïques","511","Population totale","3010","Population-Estimations","2017","2017","1000 personnes","37.115","X","Sources internationales sûres",""
"OA","Séries temporelles annuelles","224","Îles Turques-et-Caïques","511","Population totale","3010","Population-Estimations","2018","2018","1000 personnes","37.665","X","Sources internationales sûres",""
"OA","Séries temporelles annuelles","240","Îles Vierges américaines","511","Population totale","3010","Population-Estimations","2017","2017","1000 personnes","104.751","X","Sources internationales sûres",""
"OA","Séries temporelles annuelles","240","Îles Vierges américaines","511","Population totale","3010","Population-Estimations","2018","2018","1000 personnes","104.68","X","Sources internationales sûres",""
"OA","Séries temporelles annuelles","239","Îles Vierges britanniques","511","Population totale","3010","Population-Estimations","2017","2017","1000 personnes","29.577","X","Sources internationales sûres",""
"OA","Séries temporelles annuelles","239","Îles Vierges britanniques","511","Population totale","3010","Population-Estimations","2018","2018","1000 personnes","29.802","X","Sources internationales sûres",""
"OA","Séries temporelles annuelles","243","Îles Wallis-et-Futuna","511","Population totale","3010","Population-Estimations","2017","2017","1000 personnes","11.9","X","Sources internationales sûres",""
"OA","Séries temporelles annuelles","243","Îles Wallis-et-Futuna","511","Population totale","3010","Population-Estimations","2018","2018","1000 personnes","11.661","X","Sources internationales sûres",""
"OA","Séries temporelles annuelles","100","Inde","511","Population totale","3010","Population-Estimations","2017","2017","1000 personnes","1338676.785","X","Sources internationales sûres",""
"OA","Séries temporelles annuelles","100","Inde","511","Population totale","3010","Population-Estimations","2018","2018","1000 personnes","1352642.28","X","Sources internationales sûres",""
"OA","Séries temporelles annuelles","101","Indonésie","511","Population totale","3010","Population-Estimations","2017","2017","1000 personnes","264650.963","X","Sources internationales sûres",""
"OA","Séries temporelles annuelles","101","Indonésie","511","Population totale","3010","Population-Estimations","2018","2018","1000 personnes","267670.543","X","Sources internationales sûres",""
"OA","Séries temporelles annuelles","102","Iran (République islamique d')","511","Population totale","3010","Population-Estimations","2017","2017","1000 personnes","80673.883","X","Sources internationales sûres",""
"OA","Séries temporelles annuelles","102","Iran (République islamique d')","511","Population totale","3010","Population-Estimations","2018","2018","1000 personnes","81800.188","X","Sources internationales sûres",""
"OA","Séries temporelles annuelles","103","Iraq","511","Population totale","3010","Population-Estimations","2017","2017","1000 personnes","37552.781","X","Sources internationales sûres",""
"OA","Séries temporelles annuelles","103","Iraq","511","Population totale","3010","Population-Estimations","2018","2018","1000 personnes","38433.6","X","Sources internationales sûres",""
"OA","Séries temporelles annuelles","104","Irlande","511","Population totale","3010","Population-Estimations","2017","2017","1000 personnes","4753.279","X","Sources internationales sûres",""
"OA","Séries temporelles annuelles","104","Irlande","511","Population totale","3010","Population-Estimations","2018","2018","1000 personnes","4818.69","X","Sources internationales sûres",""
"OA","Séries temporelles annuelles","99","Islande","511","Population totale","3010","Population-Estimations","2017","2017","1000 personnes","334.393","X","Sources internationales sûres",""
"OA","Séries temporelles annuelles","99","Islande","511","Population totale","3010","Population-Estimations","2018","2018","1000 personnes","336.713","X","Sources internationales sûres",""
"OA","Séries temporelles annuelles","105","Israël","511","Population totale","3010","Population-Estimations","2017","2017","1000 personnes","8243.848","X","Sources internationales sûres",""
"OA","Séries temporelles annuelles","105","Israël","511","Population totale","3010","Population-Estimations","2018","2018","1000 personnes","8381.516","X","Sources internationales sûres",""
"OA","Séries temporelles annuelles","106","Italie","511","Population totale","3010","Population-Estimations","2017","2017","1000 personnes","60673.701","X","Sources internationales sûres",""
"OA","Séries temporelles annuelles","106","Italie","511","Population totale","3010","Population-Estimations","2018","2018","1000 personnes","60627.291","X","Sources internationales sûres",""
"OA","Séries temporelles annuelles","109","Jamaïque","511","Population totale","3010","Population-Estimations","2017","2017","1000 personnes","2920.848","X","Sources internationales sûres",""
"OA","Séries temporelles annuelles","109","Jamaïque","511","Population totale","3010","Population-Estimations","2018","2018","1000 personnes","2934.847","X","Sources internationales sûres",""
"OA","Séries temporelles annuelles","110","Japon","511","Population totale","3010","Population-Estimations","2017","2017","1000 personnes","127502.725","X","Sources internationales sûres",""
"OA","Séries temporelles annuelles","110","Japon","511","Population totale","3010","Population-Estimations","2018","2018","1000 personnes","127202.192","X","Sources internationales sûres",""
"OA","Séries temporelles annuelles","112","Jordanie","511","Population totale","3010","Population-Estimations","2017","2017","1000 personnes","9785.843","X","Sources internationales sûres",""
"OA","Séries temporelles annuelles","112","Jordanie","511","Population totale","3010","Population-Estimations","2018","2018","1000 personnes","9965.318","X","Sources internationales sûres",""
"OA","Séries temporelles annuelles","108","Kazakhstan","511","Population totale","3010","Population-Estimations","2017","2017","1000 personnes","18080.019","X","Sources internationales sûres",""
"OA","Séries temporelles annuelles","108","Kazakhstan","511","Population totale","3010","Population-Estimations","2018","2018","1000 personnes","18319.618","X","Sources internationales sûres",""
"OA","Séries temporelles annuelles","114","Kenya","511","Population totale","3010","Population-Estimations","2017","2017","1000 personnes","50221.142","X","Sources internationales sûres",""
"OA","Séries temporelles annuelles","114","Kenya","511","Population totale","3010","Population-Estimations","2018","2018","1000 personnes","51392.565","X","Sources internationales sûres",""
"OA","Séries temporelles annuelles","113","Kirghizistan","511","Population totale","3010","Population-Estimations","2017","2017","1000 personnes","6189.733","X","Sources internationales sûres",""
"OA","Séries temporelles annuelles","113","Kirghizistan","511","Population totale","3010","Population-Estimations","2018","2018","1000 personnes","6304.03","X","Sources internationales sûres",""
"OA","Séries temporelles annuelles","83","Kiribati","511","Population totale","3010","Population-Estimations","2017","2017","1000 personnes","114.158","X","Sources internationales sûres",""
"OA","Séries temporelles annuelles","83","Kiribati","511","Population totale","3010","Population-Estimations","2018","2018","1000 personnes","115.847","X","Sources internationales sûres",""
"OA","Séries temporelles annuelles","118","Koweït","511","Population totale","3010","Population-Estimations","2017","2017","1000 personnes","4056.099","X","Sources internationales sûres",""
"OA","Séries temporelles annuelles","118","Koweït","511","Population totale","3010","Population-Estimations","2018","2018","1000 personnes","4137.312","X","Sources internationales sûres",""
"OA","Séries temporelles annuelles","122","Lesotho","511","Population totale","3010","Population-Estimations","2017","2017","1000 personnes","2091.534","X","Sources internationales sûres",""
"OA","Séries temporelles annuelles","122","Lesotho","511","Population totale","3010","Population-Estimations","2018","2018","1000 personnes","2108.328","X","Sources internationales sûres",""
"OA","Séries temporelles annuelles","119","Lettonie","511","Population totale","3010","Population-Estimations","2017","2017","1000 personnes","1951.097","X","Sources internationales sûres",""
"OA","Séries temporelles annuelles","119","Lettonie","511","Population totale","3010","Population-Estimations","2018","2018","1000 personnes","1928.459","X","Sources internationales sûres",""
"OA","Séries temporelles annuelles","121","Liban","511","Population totale","3010","Population-Estimations","2017","2017","1000 personnes","6819.373","X","Sources internationales sûres",""
"OA","Séries temporelles annuelles","121","Liban","511","Population totale","3010","Population-Estimations","2018","2018","1000 personnes","6859.408","X","Sources internationales sûres",""
"OA","Séries temporelles annuelles","123","Libéria","511","Population totale","3010","Population-Estimations","2017","2017","1000 personnes","4702.226","X","Sources internationales sûres",""
"OA","Séries temporelles annuelles","123","Libéria","511","Population totale","3010","Population-Estimations","2018","2018","1000 personnes","4818.973","X","Sources internationales sûres",""
"OA","Séries temporelles annuelles","124","Libye","511","Population totale","3010","Population-Estimations","2017","2017","1000 personnes","6580.724","X","Sources internationales sûres",""
"OA","Séries temporelles annuelles","124","Libye","511","Population totale","3010","Population-Estimations","2018","2018","1000 personnes","6678.559","X","Sources internationales sûres",""
"OA","Séries temporelles annuelles","125","Liechtenstein","511","Population totale","3010","Population-Estimations","2017","2017","1000 personnes","37.8","X","Sources internationales sûres",""
"OA","Séries temporelles annuelles","125","Liechtenstein","511","Population totale","3010","Population-Estimations","2018","2018","1000 personnes","37.91","X","Sources internationales sûres",""
"OA","Séries temporelles annuelles","126","Lituanie","511","Population totale","3010","Population-Estimations","2017","2017","1000 personnes","2845.414","X","Sources internationales sûres",""
"OA","Séries temporelles annuelles","126","Lituanie","511","Population totale","3010","Population-Estimations","2018","2018","1000 personnes","2801.264","X","Sources internationales sûres",""
"OA","Séries temporelles annuelles","256","Luxembourg","511","Population totale","3010","Population-Estimations","2017","2017","1000 personnes","591.91","X","Sources internationales sûres",""
"OA","Séries temporelles annuelles","256","Luxembourg","511","Population totale","3010","Population-Estimations","2018","2018","1000 personnes","604.245","X","Sources internationales sûres",""
"OA","Séries temporelles annuelles","154","Macédoine du Nord","511","Population totale","3010","Population-Estimations","2017","2017","1000 personnes","2081.996","X","Sources internationales sûres",""
"OA","Séries temporelles annuelles","154","Macédoine du Nord","511","Population totale","3010","Population-Estimations","2018","2018","1000 personnes","2082.957","X","Sources internationales sûres",""
"OA","Séries temporelles annuelles","129","Madagascar","511","Population totale","3010","Population-Estimations","2017","2017","1000 personnes","25570.512","X","Sources internationales sûres",""
"OA","Séries temporelles annuelles","129","Madagascar","511","Population totale","3010","Population-Estimations","2018","2018","1000 personnes","26262.313","X","Sources internationales sûres",""
"OA","Séries temporelles annuelles","131","Malaisie","511","Population totale","3010","Population-Estimations","2017","2017","1000 personnes","31104.646","X","Sources internationales sûres",""
"OA","Séries temporelles annuelles","131","Malaisie","511","Population totale","3010","Population-Estimations","2018","2018","1000 personnes","31528.033","X","Sources internationales sûres",""
"OA","Séries temporelles annuelles","130","Malawi","511","Population totale","3010","Population-Estimations","2017","2017","1000 personnes","17670.196","X","Sources internationales sûres",""
"OA","Séries temporelles annuelles","130","Malawi","511","Population totale","3010","Population-Estimations","2018","2018","1000 personnes","18143.217","X","Sources internationales sûres",""
"OA","Séries temporelles annuelles","132","Maldives","511","Population totale","3010","Population-Estimations","2017","2017","1000 personnes","496.402","X","Sources internationales sûres",""
"OA","Séries temporelles annuelles","132","Maldives","511","Population totale","3010","Population-Estimations","2018","2018","1000 personnes","515.696","X","Sources internationales sûres",""
"OA","Séries temporelles annuelles","133","Mali","511","Population totale","3010","Population-Estimations","2017","2017","1000 personnes","18512.43","X","Sources internationales sûres",""
"OA","Séries temporelles annuelles","133","Mali","511","Population totale","3010","Population-Estimations","2018","2018","1000 personnes","19077.749","X","Sources internationales sûres",""
"OA","Séries temporelles annuelles","134","Malte","511","Population totale","3010","Population-Estimations","2017","2017","1000 personnes","437.933","X","Sources internationales sûres",""
"OA","Séries temporelles annuelles","134","Malte","511","Population totale","3010","Population-Estimations","2018","2018","1000 personnes","439.248","X","Sources internationales sûres",""
"OA","Séries temporelles annuelles","143","Maroc","511","Population totale","3010","Population-Estimations","2017","2017","1000 personnes","35581.255","X","Sources internationales sûres",""
"OA","Séries temporelles annuelles","143","Maroc","511","Population totale","3010","Population-Estimations","2018","2018","1000 personnes","36029.093","X","Sources internationales sûres",""
"OA","Séries temporelles annuelles","135","Martinique","511","Population totale","3010","Population-Estimations","2017","2017","1000 personnes","375.948","X","Sources internationales sûres",""
"OA","Séries temporelles annuelles","135","Martinique","511","Population totale","3010","Population-Estimations","2018","2018","1000 personnes","375.673","X","Sources internationales sûres",""
"OA","Séries temporelles annuelles","137","Maurice","511","Population totale","3010","Population-Estimations","2017","2017","1000 personnes","1264.499","X","Sources internationales sûres",""
"OA","Séries temporelles annuelles","137","Maurice","511","Population totale","3010","Population-Estimations","2018","2018","1000 personnes","1267.185","X","Sources internationales sûres",""
"OA","Séries temporelles annuelles","136","Mauritanie","511","Population totale","3010","Population-Estimations","2017","2017","1000 personnes","4282.57","X","Sources internationales sûres",""
"OA","Séries temporelles annuelles","136","Mauritanie","511","Population totale","3010","Population-Estimations","2018","2018","1000 personnes","4403.313","X","Sources internationales sûres",""
"OA","Séries temporelles annuelles","270","Mayotte","511","Population totale","3010","Population-Estimations","2017","2017","1000 personnes","252.957","X","Sources internationales sûres",""
"OA","Séries temporelles annuelles","270","Mayotte","511","Population totale","3010","Population-Estimations","2018","2018","1000 personnes","259.531","X","Sources internationales sûres",""
"OA","Séries temporelles annuelles","138","Mexique","511","Population totale","3010","Population-Estimations","2017","2017","1000 personnes","124777.324","X","Sources internationales sûres",""
"OA","Séries temporelles annuelles","138","Mexique","511","Population totale","3010","Population-Estimations","2018","2018","1000 personnes","126190.788","X","Sources internationales sûres",""
"OA","Séries temporelles annuelles","145","Micronésie (États fédérés de)","511","Population totale","3010","Population-Estimations","2017","2017","1000 personnes","111.459","X","Sources internationales sûres",""
"OA","Séries temporelles annuelles","145","Micronésie (États fédérés de)","511","Population totale","3010","Population-Estimations","2018","2018","1000 personnes","112.64","X","Sources internationales sûres",""
"OA","Séries temporelles annuelles","140","Monaco","511","Population totale","3010","Population-Estimations","2017","2017","1000 personnes","38.392","X","Sources internationales sûres",""
"OA","Séries temporelles annuelles","140","Monaco","511","Population totale","3010","Population-Estimations","2018","2018","1000 personnes","38.682","X","Sources internationales sûres",""
"OA","Séries temporelles annuelles","141","Mongolie","511","Population totale","3010","Population-Estimations","2017","2017","1000 personnes","3113.786","X","Sources internationales sûres",""
"OA","Séries temporelles annuelles","141","Mongolie","511","Population totale","3010","Population-Estimations","2018","2018","1000 personnes","3170.216","X","Sources internationales sûres",""
"OA","Séries temporelles annuelles","273","Monténégro","511","Population totale","3010","Population-Estimations","2017","2017","1000 personnes","627.563","X","Sources internationales sûres",""
"OA","Séries temporelles annuelles","273","Monténégro","511","Population totale","3010","Population-Estimations","2018","2018","1000 personnes","627.809","X","Sources internationales sûres",""
"OA","Séries temporelles annuelles","142","Montserrat","511","Population totale","3010","Population-Estimations","2017","2017","1000 personnes","4.984","X","Sources internationales sûres",""
"OA","Séries temporelles annuelles","142","Montserrat","511","Population totale","3010","Population-Estimations","2018","2018","1000 personnes","4.993","X","Sources internationales sûres",""
"OA","Séries temporelles annuelles","144","Mozambique","511","Population totale","3010","Population-Estimations","2017","2017","1000 personnes","28649.018","X","Sources internationales sûres",""
"OA","Séries temporelles annuelles","144","Mozambique","511","Population totale","3010","Population-Estimations","2018","2018","1000 personnes","29496.004","X","Sources internationales sûres",""
"OA","Séries temporelles annuelles","28","Myanmar","511","Population totale","3010","Population-Estimations","2017","2017","1000 personnes","53382.523","X","Sources internationales sûres",""
"OA","Séries temporelles annuelles","28","Myanmar","511","Population totale","3010","Population-Estimations","2018","2018","1000 personnes","53708.32","X","Sources internationales sûres",""
"OA","Séries temporelles annuelles","147","Namibie","511","Population totale","3010","Population-Estimations","2017","2017","1000 personnes","2402.633","X","Sources internationales sûres",""
"OA","Séries temporelles annuelles","147","Namibie","511","Population totale","3010","Population-Estimations","2018","2018","1000 personnes","2448.301","X","Sources internationales sûres",""
"OA","Séries temporelles annuelles","148","Nauru","511","Population totale","3010","Population-Estimations","2017","2017","1000 personnes","10.573","X","Sources internationales sûres",""
"OA","Séries temporelles annuelles","148","Nauru","511","Population totale","3010","Population-Estimations","2018","2018","1000 personnes","10.67","X","Sources internationales sûres",""
"OA","Séries temporelles annuelles","149","Népal","511","Population totale","3010","Population-Estimations","2017","2017","1000 personnes","27632.681","X","Sources internationales sûres",""
"OA","Séries temporelles annuelles","149","Népal","511","Population totale","3010","Population-Estimations","2018","2018","1000 personnes","28095.714","X","Sources internationales sûres",""
"OA","Séries temporelles annuelles","157","Nicaragua","511","Population totale","3010","Population-Estimations","2017","2017","1000 personnes","6384.846","X","Sources internationales sûres",""
"OA","Séries temporelles annuelles","157","Nicaragua","511","Population totale","3010","Population-Estimations","2018","2018","1000 personnes","6465.501","X","Sources internationales sûres",""
"OA","Séries temporelles annuelles","158","Niger","511","Population totale","3010","Population-Estimations","2017","2017","1000 personnes","21602.382","X","Sources internationales sûres",""
"OA","Séries temporelles annuelles","158","Niger","511","Population totale","3010","Population-Estimations","2018","2018","1000 personnes","22442.822","X","Sources internationales sûres",""
"OA","Séries temporelles annuelles","159","Nigéria","511","Population totale","3010","Population-Estimations","2017","2017","1000 personnes","190873.244","X","Sources internationales sûres",""
"OA","Séries temporelles annuelles","159","Nigéria","511","Population totale","3010","Population-Estimations","2018","2018","1000 personnes","195874.683","X","Sources internationales sûres",""
"OA","Séries temporelles annuelles","160","Nioué","511","Population totale","3010","Population-Estimations","2017","2017","1000 personnes","1.609","X","Sources internationales sûres",""
"OA","Séries temporelles annuelles","160","Nioué","511","Population totale","3010","Population-Estimations","2018","2018","1000 personnes","1.62","X","Sources internationales sûres",""
"OA","Séries temporelles annuelles","162","Norvège","511","Population totale","3010","Population-Estimations","2017","2017","1000 personnes","5296.326","X","Sources internationales sûres",""
"OA","Séries temporelles annuelles","162","Norvège","511","Population totale","3010","Population-Estimations","2018","2018","1000 personnes","5337.962","X","Sources internationales sûres",""
"OA","Séries temporelles annuelles","153","Nouvelle-Calédonie","511","Population totale","3010","Population-Estimations","2017","2017","1000 personnes","277.15","X","Sources internationales sûres",""
"OA","Séries temporelles annuelles","153","Nouvelle-Calédonie","511","Population totale","3010","Population-Estimations","2018","2018","1000 personnes","279.993","X","Sources internationales sûres",""
"OA","Séries temporelles annuelles","156","Nouvelle-Zélande","511","Population totale","3010","Population-Estimations","2017","2017","1000 personnes","4702.034","X","Sources internationales sûres",""
"OA","Séries temporelles annuelles","156","Nouvelle-Zélande","511","Population totale","3010","Population-Estimations","2018","2018","1000 personnes","4743.131","X","Sources internationales sûres",""
"OA","Séries temporelles annuelles","221","Oman","511","Population totale","3010","Population-Estimations","2017","2017","1000 personnes","4665.928","X","Sources internationales sûres",""
"OA","Séries temporelles annuelles","221","Oman","511","Population totale","3010","Population-Estimations","2018","2018","1000 personnes","4829.473","X","Sources internationales sûres",""
"OA","Séries temporelles annuelles","226","Ouganda","511","Population totale","3010","Population-Estimations","2017","2017","1000 personnes","41166.588","X","Sources internationales sûres",""
"OA","Séries temporelles annuelles","226","Ouganda","511","Population totale","3010","Population-Estimations","2018","2018","1000 personnes","42729.036","X","Sources internationales sûres",""
"OA","Séries temporelles annuelles","235","Ouzbékistan","511","Population totale","3010","Population-Estimations","2017","2017","1000 personnes","31959.785","X","Sources internationales sûres",""
"OA","Séries temporelles annuelles","235","Ouzbékistan","511","Population totale","3010","Population-Estimations","2018","2018","1000 personnes","32476.244","X","Sources internationales sûres",""
"OA","Séries temporelles annuelles","165","Pakistan","511","Population totale","3010","Population-Estimations","2017","2017","1000 personnes","207906.209","X","Sources internationales sûres",""
"OA","Séries temporelles annuelles","165","Pakistan","511","Population totale","3010","Population-Estimations","2018","2018","1000 personnes","212228.286","X","Sources internationales sûres",""
"OA","Séries temporelles annuelles","180","Palaos","511","Population totale","3010","Population-Estimations","2017","2017","1000 personnes","17.808","X","Sources internationales sûres",""
"OA","Séries temporelles annuelles","180","Palaos","511","Population totale","3010","Population-Estimations","2018","2018","1000 personnes","17.907","X","Sources internationales sûres",""
"OA","Séries temporelles annuelles","299","Palestine","511","Population totale","3010","Population-Estimations","2017","2017","1000 personnes","4747.227","X","Sources internationales sûres",""
"OA","Séries temporelles annuelles","299","Palestine","511","Population totale","3010","Population-Estimations","2018","2018","1000 personnes","4862.979","X","Sources internationales sûres",""
"OA","Séries temporelles annuelles","166","Panama","511","Population totale","3010","Population-Estimations","2017","2017","1000 personnes","4106.769","X","Sources internationales sûres",""
"OA","Séries temporelles annuelles","166","Panama","511","Population totale","3010","Population-Estimations","2018","2018","1000 personnes","4176.869","X","Sources internationales sûres",""
"OA","Séries temporelles annuelles","168","Papouasie-Nouvelle-Guinée","511","Population totale","3010","Population-Estimations","2017","2017","1000 personnes","8438.036","X","Sources internationales sûres",""
"OA","Séries temporelles annuelles","168","Papouasie-Nouvelle-Guinée","511","Population totale","3010","Population-Estimations","2018","2018","1000 personnes","8606.323","X","Sources internationales sûres",""
"OA","Séries temporelles annuelles","169","Paraguay","511","Population totale","3010","Population-Estimations","2017","2017","1000 personnes","6867.061","X","Sources internationales sûres",""
"OA","Séries temporelles annuelles","169","Paraguay","511","Population totale","3010","Population-Estimations","2018","2018","1000 personnes","6956.066","X","Sources internationales sûres",""
"OA","Séries temporelles annuelles","150","Pays-Bas","511","Population totale","3010","Population-Estimations","2017","2017","1000 personnes","17021.347","X","Sources internationales sûres",""
"OA","Séries temporelles annuelles","150","Pays-Bas","511","Population totale","3010","Population-Estimations","2018","2018","1000 personnes","17059.56","X","Sources internationales sûres",""
"OA","Séries temporelles annuelles","170","Pérou","511","Population totale","3010","Population-Estimations","2017","2017","1000 personnes","31444.298","X","Sources internationales sûres",""
"OA","Séries temporelles annuelles","170","Pérou","511","Population totale","3010","Population-Estimations","2018","2018","1000 personnes","31989.26","X","Sources internationales sûres",""
"OA","Séries temporelles annuelles","171","Philippines","511","Population totale","3010","Population-Estimations","2017","2017","1000 personnes","105172.925","X","Sources internationales sûres",""
"OA","Séries temporelles annuelles","171","Philippines","511","Population totale","3010","Population-Estimations","2018","2018","1000 personnes","106651.394","X","Sources internationales sûres",""
"OA","Séries temporelles annuelles","173","Pologne","511","Population totale","3010","Population-Estimations","2017","2017","1000 personnes","37953.18","X","Sources internationales sûres",""
"OA","Séries temporelles annuelles","173","Pologne","511","Population totale","3010","Population-Estimations","2018","2018","1000 personnes","37921.592","X","Sources internationales sûres",""
"OA","Séries temporelles annuelles","70","Polynésie française","511","Population totale","3010","Population-Estimations","2017","2017","1000 personnes","276.102","X","Sources internationales sûres",""
"OA","Séries temporelles annuelles","70","Polynésie française","511","Population totale","3010","Population-Estimations","2018","2018","1000 personnes","277.679","X","Sources internationales sûres",""
"OA","Séries temporelles annuelles","177","Porto Rico","511","Population totale","3010","Population-Estimations","2017","2017","1000 personnes","3163.667","X","Sources internationales sûres",""
"OA","Séries temporelles annuelles","177","Porto Rico","511","Population totale","3010","Population-Estimations","2018","2018","1000 personnes","3039.596","X","Sources internationales sûres",""
"OA","Séries temporelles annuelles","174","Portugal","511","Population totale","3010","Population-Estimations","2017","2017","1000 personnes","10288.527","X","Sources internationales sûres",""
"OA","Séries temporelles annuelles","174","Portugal","511","Population totale","3010","Population-Estimations","2018","2018","1000 personnes","10256.193","X","Sources internationales sûres",""
"OA","Séries temporelles annuelles","179","Qatar","511","Population totale","3010","Population-Estimations","2017","2017","1000 personnes","2724.728","X","Sources internationales sûres",""
"OA","Séries temporelles annuelles","179","Qatar","511","Population totale","3010","Population-Estimations","2018","2018","1000 personnes","2781.682","X","Sources internationales sûres",""
"OA","Séries temporelles annuelles","212","République arabe syrienne","511","Population totale","3010","Population-Estimations","2017","2017","1000 personnes","17095.678","X","Sources internationales sûres",""
"OA","Séries temporelles annuelles","212","République arabe syrienne","511","Population totale","3010","Population-Estimations","2018","2018","1000 personnes","16945.057","X","Sources internationales sûres",""
"OA","Séries temporelles annuelles","37","République centrafricaine","511","Population totale","3010","Population-Estimations","2017","2017","1000 personnes","4596.023","X","Sources internationales sûres",""
"OA","Séries temporelles annuelles","37","République centrafricaine","511","Population totale","3010","Population-Estimations","2018","2018","1000 personnes","4666.368","X","Sources internationales sûres",""
"OA","Séries temporelles annuelles","117","République de Corée","511","Population totale","3010","Population-Estimations","2017","2017","1000 personnes","51096.415","X","Sources internationales sûres",""
"OA","Séries temporelles annuelles","117","République de Corée","511","Population totale","3010","Population-Estimations","2018","2018","1000 personnes","51171.706","X","Sources internationales sûres",""
"OA","Séries temporelles annuelles","146","République de Moldova","511","Population totale","3010","Population-Estimations","2017","2017","1000 personnes","4059.684","X","Sources internationales sûres",""
"OA","Séries temporelles annuelles","146","République de Moldova","511","Population totale","3010","Population-Estimations","2018","2018","1000 personnes","4051.944","X","Sources internationales sûres",""
"OA","Séries temporelles annuelles","250","République démocratique du Congo","511","Population totale","3010","Population-Estimations","2017","2017","1000 personnes","81398.764","X","Sources internationales sûres",""
"OA","Séries temporelles annuelles","250","République démocratique du Congo","511","Population totale","3010","Population-Estimations","2018","2018","1000 personnes","84068.091","X","Sources internationales sûres",""
"OA","Séries temporelles annuelles","120","République démocratique populaire lao","511","Population totale","3010","Population-Estimations","2017","2017","1000 personnes","6953.035","X","Sources internationales sûres",""
"OA","Séries temporelles annuelles","120","République démocratique populaire lao","511","Population totale","3010","Population-Estimations","2018","2018","1000 personnes","7061.507","X","Sources internationales sûres",""
"OA","Séries temporelles annuelles","56","République dominicaine","511","Population totale","3010","Population-Estimations","2017","2017","1000 personnes","10513.104","X","Sources internationales sûres",""
"OA","Séries temporelles annuelles","56","République dominicaine","511","Population totale","3010","Population-Estimations","2018","2018","1000 personnes","10627.141","X","Sources internationales sûres",""
"OA","Séries temporelles annuelles","116","République populaire démocratique de Corée","511","Population totale","3010","Population-Estimations","2017","2017","1000 personnes","25429.825","X","Sources internationales sûres",""
"OA","Séries temporelles annuelles","116","République populaire démocratique de Corée","511","Population totale","3010","Population-Estimations","2018","2018","1000 personnes","25549.604","X","Sources internationales sûres",""
"OA","Séries temporelles annuelles","215","République-Unie de Tanzanie","511","Population totale","3010","Population-Estimations","2017","2017","1000 personnes","54660.339","X","Sources internationales sûres",""
"OA","Séries temporelles annuelles","215","République-Unie de Tanzanie","511","Population totale","3010","Population-Estimations","2018","2018","1000 personnes","56313.438","X","Sources internationales sûres",""
"OA","Séries temporelles annuelles","182","Réunion","511","Population totale","3010","Population-Estimations","2017","2017","1000 personnes","876.134","X","Sources internationales sûres",""
"OA","Séries temporelles annuelles","182","Réunion","511","Population totale","3010","Population-Estimations","2018","2018","1000 personnes","882.526","X","Sources internationales sûres",""
"OA","Séries temporelles annuelles","183","Roumanie","511","Population totale","3010","Population-Estimations","2017","2017","1000 personnes","19653.969","X","Sources internationales sûres",""
"OA","Séries temporelles annuelles","183","Roumanie","511","Population totale","3010","Population-Estimations","2018","2018","1000 personnes","19506.114","X","Sources internationales sûres",""
"OA","Séries temporelles annuelles","229","Royaume-Uni de Grande-Bretagne et d'Irlande du Nord","511","Population totale","3010","Population-Estimations","2017","2017","1000 personnes","66727.461","X","Sources internationales sûres",""
"OA","Séries temporelles annuelles","229","Royaume-Uni de Grande-Bretagne et d'Irlande du Nord","511","Population totale","3010","Population-Estimations","2018","2018","1000 personnes","67141.684","X","Sources internationales sûres",""
"OA","Séries temporelles annuelles","184","Rwanda","511","Population totale","3010","Population-Estimations","2017","2017","1000 personnes","11980.961","X","Sources internationales sûres",""
"OA","Séries temporelles annuelles","184","Rwanda","511","Population totale","3010","Population-Estimations","2018","2018","1000 personnes","12301.97","X","Sources internationales sûres",""
"OA","Séries temporelles annuelles","205","Sahara occidental","511","Population totale","3010","Population-Estimations","2017","2017","1000 personnes","552.615","X","Sources internationales sûres",""
"OA","Séries temporelles annuelles","205","Sahara occidental","511","Population totale","3010","Population-Estimations","2018","2018","1000 personnes","567.402","X","Sources internationales sûres",""
"OA","Séries temporelles annuelles","282","Saint-Barthélemy","511","Population totale","3010","Population-Estimations","2017","2017","1000 personnes","9.784","X","Sources internationales sûres",""
"OA","Séries temporelles annuelles","282","Saint-Barthélemy","511","Population totale","3010","Population-Estimations","2018","2018","1000 personnes","9.816","X","Sources internationales sûres",""
"OA","Séries temporelles annuelles","187","Sainte-Hélène, Ascension et Tristan da Cunha","511","Population totale","3010","Population-Estimations","2017","2017","1000 personnes","6.008","X","Sources internationales sûres",""
"OA","Séries temporelles annuelles","187","Sainte-Hélène, Ascension et Tristan da Cunha","511","Population totale","3010","Population-Estimations","2018","2018","1000 personnes","6.035","X","Sources internationales sûres",""
"OA","Séries temporelles annuelles","189","Sainte-Lucie","511","Population totale","3010","Population-Estimations","2017","2017","1000 personnes","180.954","X","Sources internationales sûres",""
"OA","Séries temporelles annuelles","189","Sainte-Lucie","511","Population totale","3010","Population-Estimations","2018","2018","1000 personnes","181.889","X","Sources internationales sûres",""
"OA","Séries temporelles annuelles","188","Saint-Kitts-et-Nevis","511","Population totale","3010","Population-Estimations","2017","2017","1000 personnes","52.045","X","Sources internationales sûres",""
"OA","Séries temporelles annuelles","188","Saint-Kitts-et-Nevis","511","Population totale","3010","Population-Estimations","2018","2018","1000 personnes","52.441","X","Sources internationales sûres",""
"OA","Séries temporelles annuelles","192","Saint-Marin","511","Population totale","3010","Population-Estimations","2017","2017","1000 personnes","33.671","X","Sources internationales sûres",""
"OA","Séries temporelles annuelles","192","Saint-Marin","511","Population totale","3010","Population-Estimations","2018","2018","1000 personnes","33.785","X","Sources internationales sûres",""
"OA","Séries temporelles annuelles","281","Saint-Martin (partie française)","511","Population totale","3010","Population-Estimations","2017","2017","1000 personnes","36.56","X","Sources internationales sûres",""
"OA","Séries temporelles annuelles","281","Saint-Martin (partie française)","511","Population totale","3010","Population-Estimations","2018","2018","1000 personnes","37.264","X","Sources internationales sûres",""
"OA","Séries temporelles annuelles","190","Saint-Pierre-et-Miquelon","511","Population totale","3010","Population-Estimations","2017","2017","1000 personnes","5.887","X","Sources internationales sûres",""
"OA","Séries temporelles annuelles","190","Saint-Pierre-et-Miquelon","511","Population totale","3010","Population-Estimations","2018","2018","1000 personnes","5.849","X","Sources internationales sûres",""
"OA","Séries temporelles annuelles","94","Saint-Siège","511","Population totale","3010","Population-Estimations","2017","2017","1000 personnes","0.793","X","Sources internationales sûres",""
"OA","Séries temporelles annuelles","94","Saint-Siège","511","Population totale","3010","Population-Estimations","2018","2018","1000 personnes","0.801","X","Sources internationales sûres","UNDESA, Population Division – World Population Prospects, the 2017 Revision"
"OA","Séries temporelles annuelles","191","Saint-Vincent-et-les Grenadines","511","Population totale","3010","Population-Estimations","2017","2017","1000 personnes","109.827","X","Sources internationales sûres",""
"OA","Séries temporelles annuelles","191","Saint-Vincent-et-les Grenadines","511","Population totale","3010","Population-Estimations","2018","2018","1000 personnes","110.211","X","Sources internationales sûres",""
"OA","Séries temporelles annuelles","244","Samoa","511","Population totale","3010","Population-Estimations","2017","2017","1000 personnes","195.352","X","Sources internationales sûres",""
"OA","Séries temporelles annuelles","244","Samoa","511","Population totale","3010","Population-Estimations","2018","2018","1000 personnes","196.129","X","Sources internationales sûres",""
"OA","Séries temporelles annuelles","5","Samoa américaines","511","Population totale","3010","Population-Estimations","2017","2017","1000 personnes","55.62","X","Sources internationales sûres",""
"OA","Séries temporelles annuelles","5","Samoa américaines","511","Population totale","3010","Population-Estimations","2018","2018","1000 personnes","55.465","X","Sources internationales sûres",""
"OA","Séries temporelles annuelles","193","Sao Tomé-et-Principe","511","Population totale","3010","Population-Estimations","2017","2017","1000 personnes","207.089","X","Sources internationales sûres",""
"OA","Séries temporelles annuelles","193","Sao Tomé-et-Principe","511","Population totale","3010","Population-Estimations","2018","2018","1000 personnes","211.028","X","Sources internationales sûres",""
"OA","Séries temporelles annuelles","195","Sénégal","511","Population totale","3010","Population-Estimations","2017","2017","1000 personnes","15419.355","X","Sources internationales sûres",""
"OA","Séries temporelles annuelles","195","Sénégal","511","Population totale","3010","Population-Estimations","2018","2018","1000 personnes","15854.323","X","Sources internationales sûres",""
"OA","Séries temporelles annuelles","272","Serbie","511","Population totale","3010","Population-Estimations","2017","2017","1000 personnes","8829.628","X","Sources internationales sûres",""
"OA","Séries temporelles annuelles","272","Serbie","511","Population totale","3010","Population-Estimations","2018","2018","1000 personnes","8802.754","X","Sources internationales sûres",""
"OA","Séries temporelles annuelles","196","Seychelles","511","Population totale","3010","Population-Estimations","2017","2017","1000 personnes","96.418","X","Sources internationales sûres",""
"OA","Séries temporelles annuelles","196","Seychelles","511","Population totale","3010","Population-Estimations","2018","2018","1000 personnes","97.096","X","Sources internationales sûres",""
"OA","Séries temporelles annuelles","197","Sierra Leone","511","Population totale","3010","Population-Estimations","2017","2017","1000 personnes","7488.423","X","Sources internationales sûres",""
"OA","Séries temporelles annuelles","197","Sierra Leone","511","Population totale","3010","Population-Estimations","2018","2018","1000 personnes","7650.15","X","Sources internationales sûres",""
"OA","Séries temporelles annuelles","200","Singapour","511","Population totale","3010","Population-Estimations","2017","2017","1000 personnes","5708.041","X","Sources internationales sûres",""
"OA","Séries temporelles annuelles","200","Singapour","511","Population totale","3010","Population-Estimations","2018","2018","1000 personnes","5757.499","X","Sources internationales sûres",""
"OA","Séries temporelles annuelles","280","Sint Maarten  (partie néerlandaise)","511","Population totale","3010","Population-Estimations","2017","2017","1000 personnes","41.444","X","Sources internationales sûres",""
"OA","Séries temporelles annuelles","280","Sint Maarten  (partie néerlandaise)","511","Population totale","3010","Population-Estimations","2018","2018","1000 personnes","41.94","X","Sources internationales sûres",""
"OA","Séries temporelles annuelles","199","Slovaquie","511","Population totale","3010","Population-Estimations","2017","2017","1000 personnes","5447.9","X","Sources internationales sûres",""
"OA","Séries temporelles annuelles","199","Slovaquie","511","Population totale","3010","Population-Estimations","2018","2018","1000 personnes","5453.014","X","Sources internationales sûres",""
"OA","Séries temporelles annuelles","198","Slovénie","511","Population totale","3010","Population-Estimations","2017","2017","1000 personnes","2076.394","X","Sources internationales sûres",""
"OA","Séries temporelles annuelles","198","Slovénie","511","Population totale","3010","Population-Estimations","2018","2018","1000 personnes","2077.837","X","Sources internationales sûres",""
"OA","Séries temporelles annuelles","201","Somalie","511","Population totale","3010","Population-Estimations","2017","2017","1000 personnes","14589.179","X","Sources internationales sûres",""
"OA","Séries temporelles annuelles","201","Somalie","511","Population totale","3010","Population-Estimations","2018","2018","1000 personnes","15008.226","X","Sources internationales sûres",""
"OA","Séries temporelles annuelles","276","Soudan","511","Population totale","3010","Population-Estimations","2017","2017","1000 personnes","40813.397","X","Sources internationales sûres",""
"OA","Séries temporelles annuelles","276","Soudan","511","Population totale","3010","Population-Estimations","2018","2018","1000 personnes","41801.533","X","Sources internationales sûres",""
"OA","Séries temporelles annuelles","277","Soudan du Sud","511","Population totale","3010","Population-Estimations","2017","2017","1000 personnes","10910.763","X","Sources internationales sûres",""
"OA","Séries temporelles annuelles","277","Soudan du Sud","511","Population totale","3010","Population-Estimations","2018","2018","1000 personnes","10975.927","X","Sources internationales sûres",""
"OA","Séries temporelles annuelles","38","Sri Lanka","511","Population totale","3010","Population-Estimations","2017","2017","1000 personnes","21128.032","X","Sources internationales sûres",""
"OA","Séries temporelles annuelles","38","Sri Lanka","511","Population totale","3010","Population-Estimations","2018","2018","1000 personnes","21228.763","X","Sources internationales sûres",""
"OA","Séries temporelles annuelles","210","Suède","511","Population totale","3010","Population-Estimations","2017","2017","1000 personnes","9904.896","X","Sources internationales sûres",""
"OA","Séries temporelles annuelles","210","Suède","511","Population totale","3010","Population-Estimations","2018","2018","1000 personnes","9971.638","X","Sources internationales sûres",""
"OA","Séries temporelles annuelles","211","Suisse","511","Population totale","3010","Population-Estimations","2017","2017","1000 personnes","8455.804","X","Sources internationales sûres",""
"OA","Séries temporelles annuelles","211","Suisse","511","Population totale","3010","Population-Estimations","2018","2018","1000 personnes","8525.611","X","Sources internationales sûres",""
"OA","Séries temporelles annuelles","207","Suriname","511","Population totale","3010","Population-Estimations","2017","2017","1000 personnes","570.496","X","Sources internationales sûres",""
"OA","Séries temporelles annuelles","207","Suriname","511","Population totale","3010","Population-Estimations","2018","2018","1000 personnes","575.99","X","Sources internationales sûres",""
"OA","Séries temporelles annuelles","208","Tadjikistan","511","Population totale","3010","Population-Estimations","2017","2017","1000 personnes","8880.268","X","Sources internationales sûres",""
"OA","Séries temporelles annuelles","208","Tadjikistan","511","Population totale","3010","Population-Estimations","2018","2018","1000 personnes","9100.835","X","Sources internationales sûres",""
"OA","Séries temporelles annuelles","39","Tchad","511","Population totale","3010","Population-Estimations","2017","2017","1000 personnes","15016.753","X","Sources internationales sûres",""
"OA","Séries temporelles annuelles","39","Tchad","511","Population totale","3010","Population-Estimations","2018","2018","1000 personnes","15477.729","X","Sources internationales sûres",""
"OA","Séries temporelles annuelles","167","Tchéquie","511","Population totale","3010","Population-Estimations","2017","2017","1000 personnes","10641.034","X","Sources internationales sûres",""
"OA","Séries temporelles annuelles","167","Tchéquie","511","Population totale","3010","Population-Estimations","2018","2018","1000 personnes","10665.677","X","Sources internationales sûres",""
"OA","Séries temporelles annuelles","216","Thaïlande","511","Population totale","3010","Population-Estimations","2017","2017","1000 personnes","69209.81","X","Sources internationales sûres",""
"OA","Séries temporelles annuelles","216","Thaïlande","511","Population totale","3010","Population-Estimations","2018","2018","1000 personnes","69428.453","X","Sources internationales sûres",""
"OA","Séries temporelles annuelles","176","Timor-Leste","511","Population totale","3010","Population-Estimations","2017","2017","1000 personnes","1243.258","X","Sources internationales sûres",""
"OA","Séries temporelles annuelles","176","Timor-Leste","511","Population totale","3010","Population-Estimations","2018","2018","1000 personnes","1267.974","X","Sources internationales sûres",""
"OA","Séries temporelles annuelles","217","Togo","511","Population totale","3010","Population-Estimations","2017","2017","1000 personnes","7698.474","X","Sources internationales sûres",""
"OA","Séries temporelles annuelles","217","Togo","511","Population totale","3010","Population-Estimations","2018","2018","1000 personnes","7889.093","X","Sources internationales sûres",""
"OA","Séries temporelles annuelles","218","Tokélaou","511","Population totale","3010","Population-Estimations","2017","2017","1000 personnes","1.3","X","Sources internationales sûres","UNDESA, Population Division – World Population Prospects, the 2017 Revision"
"OA","Séries temporelles annuelles","218","Tokélaou","511","Population totale","3010","Population-Estimations","2018","2018","1000 personnes","1.319","X","Sources internationales sûres","UNDESA, Population Division – World Population Prospects, the 2017 Revision"
"OA","Séries temporelles annuelles","219","Tonga","511","Population totale","3010","Population-Estimations","2017","2017","1000 personnes","101.998","X","Sources internationales sûres",""
"OA","Séries temporelles annuelles","219","Tonga","511","Population totale","3010","Population-Estimations","2018","2018","1000 personnes","103.197","X","Sources internationales sûres",""
"OA","Séries temporelles annuelles","220","Trinité-et-Tobago","511","Population totale","3010","Population-Estimations","2017","2017","1000 personnes","1384.059","X","Sources internationales sûres",""
"OA","Séries temporelles annuelles","220","Trinité-et-Tobago","511","Population totale","3010","Population-Estimations","2018","2018","1000 personnes","1389.843","X","Sources internationales sûres",""
"OA","Séries temporelles annuelles","222","Tunisie","511","Population totale","3010","Population-Estimations","2017","2017","1000 personnes","11433.443","X","Sources internationales sûres",""
"OA","Séries temporelles annuelles","222","Tunisie","511","Population totale","3010","Population-Estimations","2018","2018","1000 personnes","11565.201","X","Sources internationales sûres",""
"OA","Séries temporelles annuelles","213","Turkménistan","511","Population totale","3010","Population-Estimations","2017","2017","1000 personnes","5757.667","X","Sources internationales sûres",""
"OA","Séries temporelles annuelles","213","Turkménistan","511","Population totale","3010","Population-Estimations","2018","2018","1000 personnes","5850.901","X","Sources internationales sûres",""
"OA","Séries temporelles annuelles","223","Turquie","511","Population totale","3010","Population-Estimations","2017","2017","1000 personnes","81116.45","X","Sources internationales sûres",""
"OA","Séries temporelles annuelles","223","Turquie","511","Population totale","3010","Population-Estimations","2018","2018","1000 personnes","82340.088","X","Sources internationales sûres",""
"OA","Séries temporelles annuelles","227","Tuvalu","511","Population totale","3010","Population-Estimations","2017","2017","1000 personnes","11.37","X","Sources internationales sûres",""
"OA","Séries temporelles annuelles","227","Tuvalu","511","Population totale","3010","Population-Estimations","2018","2018","1000 personnes","11.508","X","Sources internationales sûres",""
"OA","Séries temporelles annuelles","230","Ukraine","511","Population totale","3010","Population-Estimations","2017","2017","1000 personnes","44487.709","X","Sources internationales sûres",""
"OA","Séries temporelles annuelles","230","Ukraine","511","Population totale","3010","Population-Estimations","2018","2018","1000 personnes","44246.156","X","Sources internationales sûres",""
"OA","Séries temporelles annuelles","234","Uruguay","511","Population totale","3010","Population-Estimations","2017","2017","1000 personnes","3436.641","X","Sources internationales sûres",""
"OA","Séries temporelles annuelles","234","Uruguay","511","Population totale","3010","Population-Estimations","2018","2018","1000 personnes","3449.285","X","Sources internationales sûres",""
"OA","Séries temporelles annuelles","155","Vanuatu","511","Population totale","3010","Population-Estimations","2017","2017","1000 personnes","285.51","X","Sources internationales sûres",""
"OA","Séries temporelles annuelles","155","Vanuatu","511","Population totale","3010","Population-Estimations","2018","2018","1000 personnes","292.68","X","Sources internationales sûres",""
"OA","Séries temporelles annuelles","236","Venezuela (République bolivarienne du)","511","Population totale","3010","Population-Estimations","2017","2017","1000 personnes","29402.484","X","Sources internationales sûres",""
"OA","Séries temporelles annuelles","236","Venezuela (République bolivarienne du)","511","Population totale","3010","Population-Estimations","2018","2018","1000 personnes","28887.118","X","Sources internationales sûres",""
"OA","Séries temporelles annuelles","237","Viet Nam","511","Population totale","3010","Population-Estimations","2017","2017","1000 personnes","94600.648","X","Sources internationales sûres",""
"OA","Séries temporelles annuelles","237","Viet Nam","511","Population totale","3010","Population-Estimations","2018","2018","1000 personnes","95545.962","X","Sources internationales sûres",""
"OA","Séries temporelles annuelles","249","Yémen","511","Population totale","3010","Population-Estimations","2017","2017","1000 personnes","27834.819","X","Sources internationales sûres",""
"OA","Séries temporelles annuelles","249","Yémen","511","Population totale","3010","Population-Estimations","2018","2018","1000 personnes","28498.683","X","Sources internationales sûres",""
"OA","Séries temporelles annuelles","251","Zambie","511","Population totale","3010","Population-Estimations","2017","2017","1000 personnes","16853.599","X","Sources internationales sûres",""
"OA","Séries temporelles annuelles","251","Zambie","511","Population totale","3010","Population-Estimations","2018","2018","1000 personnes","17351.708","X","Sources internationales sûres",""
"OA","Séries temporelles annuelles","181","Zimbabwe","511","Population totale","3010","Population-Estimations","2017","2017","1000 personnes","14236.595","X","Sources internationales sûres",""
"OA","Séries temporelles annuelles","181","Zimbabwe","511","Population totale","3010","Population-Estimations","2018","2018","1000 personnes","14438.802","X","Sources internationales sûres",""
